Workbook

Sheet Comparación
A1: VUPACI | B1: población 2001 | C1: población 2011 | D1: índice 2001 | E1: índice 2011 | F1: variación índice | G1: variación población
A2: 0 | B2: =IFERROR(INDEX('2001'!$O$2:$O$489,MATCH($A2,'2001'!$A$2:$A$489,0)),"") | C2: =IFERROR(INDEX('2011'!$N$2:$N$490,MATCH($A2,'2011'!$A$2:$A$490,0)),"") | D2: =IFERROR(INDEX('2001'!$Y$2:$Y$489,MATCH($A2,'2001'!$A$2:$A$489,0)),"") | E2: =IFERROR(INDEX('2011'!$X$2:$X$490,MATCH($A2,'2011'!$A$2:$A$490,0)),"") | F2: =IF(OR($D2="",$E2=""),"",$E2-$D2) | G2: =IF(OR($B2="",$C2=""),"",$C2-$B2)
A3: 1 | B3: =IFERROR(INDEX('2001'!$O$2:$O$489,MATCH($A3,'2001'!$A$2:$A$489,0)),"") | C3: =IFERROR(INDEX('2011'!$N$2:$N$490,MATCH($A3,'2011'!$A$2:$A$490,0)),"") | D3: =IFERROR(INDEX('2001'!$Y$2:$Y$489,MATCH($A3,'2001'!$A$2:$A$489,0)),"") | E3: =IFERROR(INDEX('2011'!$X$2:$X$490,MATCH($A3,'2011'!$A$2:$A$490,0)),"") | F3: =IF(OR($D3="",$E3=""),"",$E3-$D3) | G3: =IF(OR($B3="",$C3=""),"",$C3-$B3)
A4: 2 | B4: =IFERROR(INDEX('2001'!$O$2:$O$489,MATCH($A4,'2001'!$A$2:$A$489,0)),"") | C4: =IFERROR(INDEX('2011'!$N$2:$N$490,MATCH($A4,'2011'!$A$2:$A$490,0)),"") | D4: =IFERROR(INDEX('2001'!$Y$2:$Y$489,MATCH($A4,'2001'!$A$2:$A$489,0)),"") | E4: =IFERROR(INDEX('2011'!$X$2:$X$490,MATCH($A4,'2011'!$A$2:$A$490,0)),"") | F4: =IF(OR($D4="",$E4=""),"",$E4-$D4) | G4: =IF(OR($B4="",$C4=""),"",$C4-$B4)
A5: 3 | B5: =IFERROR(INDEX('2001'!$O$2:$O$489,MATCH($A5,'2001'!$A$2:$A$489,0)),"") | C5: =IFERROR(INDEX('2011'!$N$2:$N$490,MATCH($A5,'2011'!$A$2:$A$490,0)),"") | D5: =IFERROR(INDEX('2001'!$Y$2:$Y$489,MATCH($A5,'2001'!$A$2:$A$489,0)),"") | E5: =IFERROR(INDEX('2011'!$X$2:$X$490,MATCH($A5,'2011'!$A$2:$A$490,0)),"") | F5: =IF(OR($D5="",$E5=""),"",$E5-$D5) | G5: =IF(OR($B5="",$C5=""),"",$C5-$B5)
A6: 4 | B6: =IFERROR(INDEX('2001'!$O$2:$O$489,MATCH($A6,'2001'!$A$2:$A$489,0)),"") | C6: =IFERROR(INDEX('2011'!$N$2:$N$490,MATCH($A6,'2011'!$A$2:$A$490,0)),"") | D6: =IFERROR(INDEX('2001'!$Y$2:$Y$489,MATCH($A6,'2001'!$A$2:$A$489,0)),"") | E6: =IFERROR(INDEX('2011'!$X$2:$X$490,MATCH($A6,'2011'!$A$2:$A$490,0)),"") | F6: =IF(OR($D6="",$E6=""),"",$E6-$D6) | G6: =IF(OR($B6="",$C6=""),"",$C6-$B6)
A7: 5 | B7: =IFERROR(INDEX('2001'!$O$2:$O$489,MATCH($A7,'2001'!$A$2:$A$489,0)),"") | C7: =IFERROR(INDEX('2011'!$N$2:$N$490,MATCH($A7,'2011'!$A$2:$A$490,0)),"") | D7: =IFERROR(INDEX('2001'!$Y$2:$Y$489,MATCH($A7,'2001'!$A$2:$A$489,0)),"") | E7: =IFERROR(INDEX('2011'!$X$2:$X$490,MATCH($A7,'2011'!$A$2:$A$490,0)),"") | F7: =IF(OR($D7="",$E7=""),"",$E7-$D7) | G7: =IF(OR($B7="",$C7=""),"",$C7-$B7)
A8: 6 | B8: =IFERROR(INDEX('2001'!$O$2:$O$489,MATCH($A8,'2001'!$A$2:$A$489,0)),"") | C8: =IFERROR(INDEX('2011'!$N$2:$N$490,MATCH($A8,'2011'!$A$2:$A$490,0)),"") | D8: =IFERROR(INDEX('2001'!$Y$2:$Y$489,MATCH($A8,'2001'!$A$2:$A$489,0)),"") | E8: =IFERROR(INDEX('2011'!$X$2:$X$490,MATCH($A8,'2011'!$A$2:$A$490,0)),"") | F8: =IF(OR($D8="",$E8=""),"",$E8-$D8) | G8: =IF(OR($B8="",$C8=""),"",$C8-$B8)
A9: 7 | B9: =IFERROR(INDEX('2001'!$O$2:$O$489,MATCH($A9,'2001'!$A$2:$A$489,0)),"") | C9: =IFERROR(INDEX('2011'!$N$2:$N$490,MATCH($A9,'2011'!$A$2:$A$490,0)),"") | D9: =IFERROR(INDEX('2001'!$Y$2:$Y$489,MATCH($A9,'2001'!$A$2:$A$489,0)),"") | E9: =IFERROR(INDEX('2011'!$X$2:$X$490,MATCH($A9,'2011'!$A$2:$A$490,0)),"") | F9: =IF(OR($D9="",$E9=""),"",$E9-$D9) | G9: =IF(OR($B9="",$C9=""),"",$C9-$B9)
A10: 8 | B10: =IFERROR(INDEX('2001'!$O$2:$O$489,MATCH($A10,'2001'!$A$2:$A$489,0)),"") | C10: =IFERROR(INDEX('2011'!$N$2:$N$490,MATCH($A10,'2011'!$A$2:$A$490,0)),"") | D10: =IFERROR(INDEX('2001'!$Y$2:$Y$489,MATCH($A10,'2001'!$A$2:$A$489,0)),"") | E10: =IFERROR(INDEX('2011'!$X$2:$X$490,MATCH($A10,'2011'!$A$2:$A$490,0)),"") | F10: =IF(OR($D10="",$E10=""),"",$E10-$D10) | G10: =IF(OR($B10="",$C10=""),"",$C10-$B10)
A11: 9 | B11: =IFERROR(INDEX('2001'!$O$2:$O$489,MATCH($A11,'2001'!$A$2:$A$489,0)),"") | C11: =IFERROR(INDEX('2011'!$N$2:$N$490,MATCH($A11,'2011'!$A$2:$A$490,0)),"") | D11: =IFERROR(INDEX('2001'!$Y$2:$Y$489,MATCH($A11,'2001'!$A$2:$A$489,0)),"") | E11: =IFERROR(INDEX('2011'!$X$2:$X$490,MATCH($A11,'2011'!$A$2:$A$490,0)),"") | F11: =IF(OR($D11="",$E11=""),"",$E11-$D11) | G11: =IF(OR($B11="",$C11=""),"",$C11-$B11)
A12: 10 | B12: =IFERROR(INDEX('2001'!$O$2:$O$489,MATCH($A12,'2001'!$A$2:$A$489,0)),"") | C12: =IFERROR(INDEX('2011'!$N$2:$N$490,MATCH($A12,'2011'!$A$2:$A$490,0)),"") | D12: =IFERROR(INDEX('2001'!$Y$2:$Y$489,MATCH($A12,'2001'!$A$2:$A$489,0)),"") | E12: =IFERROR(INDEX('2011'!$X$2:$X$490,MATCH($A12,'2011'!$A$2:$A$490,0)),"") | F12: =IF(OR($D12="",$E12=""),"",$E12-$D12) | G12: =IF(OR($B12="",$C12=""),"",$C12-$B12)
A13: 11 | B13: =IFERROR(INDEX('2001'!$O$2:$O$489,MATCH($A13,'2001'!$A$2:$A$489,0)),"") | C13: =IFERROR(INDEX('2011'!$N$2:$N$490,MATCH($A13,'2011'!$A$2:$A$490,0)),"") | D13: =IFERROR(INDEX('2001'!$Y$2:$Y$489,MATCH($A13,'2001'!$A$2:$A$489,0)),"") | E13: =IFERROR(INDEX('2011'!$X$2:$X$490,MATCH($A13,'2011'!$A$2:$A$490,0)),"") | F13: =IF(OR($D13="",$E13=""),"",$E13-$D13) | G13: =IF(OR($B13="",$C13=""),"",$C13-$B13)
... A490: 500 | B490: =IFERROR(INDEX('2001'!$O$2:$O$489,MATCH($A490,'2001'!$A$2:$A$489,0)),"") | C490: =IFERROR(INDEX('2011'!$N$2:$N$490,MATCH($A490,'2011'!$A$2:$A$490,0)),"") | D490: =IFERROR(INDEX('2001'!$Y$2:$Y$489,MATCH($A490,'2001'!$A$2:$A$489,0)),"") | E490: =IFERROR(INDEX('2011'!$X$2:$X$490,MATCH($A490,'2011'!$A$2:$A$490,0)),"") | F490: =IF(OR($D490="",$E490=""),"",$E490-$D490) | G490: =IF(OR($B490="",$C490=""),"",$C490-$B490)

Sheet Pesos
A1: tramo | B1: peso
A2: a — los 6 últimos años del censo | B2: 0
A3: b — los 5 años previos | B3: 0.33
A4: c — los 10 años previos | B4: 0.66
A5: d — todo lo anterior | B5: 1
A7: Cambiá cualquiera de los cuatro y se recalculan las hojas 2011, 2001 y Comparación.
A8: Los tramos son los mismos en los dos censos, por posición relativa a la fecha del censo.

Sheet 2011
A1: VUPACI | B1: n secciones | C1: 2011 | D1: 2010 | E1: 2009 | F1: 2008 | G1: 2007 | H1: 2006 | I1: 2001-2005 | J1: 1991-2000 | K1: 1981-1990 | L1: 1971-1980 | M1: Antes de 1971 | N1: Total INE | O1: a | P1: b | Q1: c | R1: d | S1: suma tramos | T1: p_a | U1: p_b | V1: p_c | W1: p_d | X1: índice
A2: 0 | B2: 9 | C2: 40 | D2: 80 | E2: 70 | F2: 80 | G2: 50 | H2: 65 | I2: 150 | J2: 235 | K2: 125 | L2: 75 | M2: 130 | N2: 1100 | O2: =SUM(C2:H2) | P2: =I2 | Q2: =J2 | R2: =SUM(K2:M2) | S2: =SUM(O2:R2) | T2: =IF(S2=0,"",O2/S2) | U2: =IF(S2=0,"",P2/S2) | V2: =IF(S2=0,"",Q2/S2) | W2: =IF(S2=0,"",R2/S2) | X2: =IF(S2=0,"",T2*Pesos!$B$2+U2*Pesos!$B$3+V2*Pesos!$B$4+W2*Pesos!$B$5)
A3: 1 | B3: 10 | C3: 1910 | D3: 4155 | E3: 2805 | F3: 2685 | G3: 3265 | H3: 1610 | I3: 2075 | J3: 2920 | K3: 1335 | L3: 405 | M3: 430 | N3: 23595 | O3: =SUM(C3:H3) | P3: =I3 | Q3: =J3 | R3: =SUM(K3:M3) | S3: =SUM(O3:R3) | T3: =IF(S3=0,"",O3/S3) | U3: =IF(S3=0,"",P3/S3) | V3: =IF(S3=0,"",Q3/S3) | W3: =IF(S3=0,"",R3/S3) | X3: =IF(S3=0,"",T3*Pesos!$B$2+U3*Pesos!$B$3+V3*Pesos!$B$4+W3*Pesos!$B$5)
A4: 2 | B4: 9 | C4: 625 | D4: 1400 | E4: 980 | F4: 960 | G4: 1110 | H4: 1320 | I4: 5690 | J4: 4280 | K4: 875 | L4: 445 | M4: 395 | N4: 18080 | O4: =SUM(C4:H4) | P4: =I4 | Q4: =J4 | R4: =SUM(K4:M4) | S4: =SUM(O4:R4) | T4: =IF(S4=0,"",O4/S4) | U4: =IF(S4=0,"",P4/S4) | V4: =IF(S4=0,"",Q4/S4) | W4: =IF(S4=0,"",R4/S4) | X4: =IF(S4=0,"",T4*Pesos!$B$2+U4*Pesos!$B$3+V4*Pesos!$B$4+W4*Pesos!$B$5)
A5: 3 | B5: 8 | C5: 1340 | D5: 730 | E5: 970 | F5: 645 | G5: 550 | H5: 760 | I5: 1735 | J5: 2395 | K5: 1720 | L5: 1435 | M5: 485 | N5: 12770 | O5: =SUM(C5:H5) | P5: =I5 | Q5: =J5 | R5: =SUM(K5:M5) | S5: =SUM(O5:R5) | T5: =IF(S5=0,"",O5/S5) | U5: =IF(S5=0,"",P5/S5) | V5: =IF(S5=0,"",Q5/S5) | W5: =IF(S5=0,"",R5/S5) | X5: =IF(S5=0,"",T5*Pesos!$B$2+U5*Pesos!$B$3+V5*Pesos!$B$4+W5*Pesos!$B$5)
A6: 4 | B6: 10 | C6: 905 | D6: 645 | E6: 920 | F6: 930 | G6: 1030 | H6: 395 | I6: 1965 | J6: 1560 | K6: 1655 | L6: 3345 | M6: 545 | N6: 13895 | O6: =SUM(C6:H6) | P6: =I6 | Q6: =J6 | R6: =SUM(K6:M6) | S6: =SUM(O6:R6) | T6: =IF(S6=0,"",O6/S6) | U6: =IF(S6=0,"",P6/S6) | V6: =IF(S6=0,"",Q6/S6) | W6: =IF(S6=0,"",R6/S6) | X6: =IF(S6=0,"",T6*Pesos!$B$2+U6*Pesos!$B$3+V6*Pesos!$B$4+W6*Pesos!$B$5)
A7: 5 | B7: 8 | C7: 1040 | D7: 860 | E7: 1200 | F7: 645 | G7: 670 | H7: 420 | I7: 1500 | J7: 1535 | K7: 1895 | L7: 1745 | M7: 805 | N7: 12310 | O7: =SUM(C7:H7) | P7: =I7 | Q7: =J7 | R7: =SUM(K7:M7) | S7: =SUM(O7:R7) | T7: =IF(S7=0,"",O7/S7) | U7: =IF(S7=0,"",P7/S7) | V7: =IF(S7=0,"",Q7/S7) | W7: =IF(S7=0,"",R7/S7) | X7: =IF(S7=0,"",T7*Pesos!$B$2+U7*Pesos!$B$3+V7*Pesos!$B$4+W7*Pesos!$B$5)
A8: 6 | B8: 8 | C8: 970 | D8: 960 | E8: 750 | F8: 330 | G8: 200 | H8: 485 | I8: 2295 | J8: 1585 | K8: 1480 | L8: 1685 | M8: 665 | N8: 11415 | O8: =SUM(C8:H8) | P8: =I8 | Q8: =J8 | R8: =SUM(K8:M8) | S8: =SUM(O8:R8) | T8: =IF(S8=0,"",O8/S8) | U8: =IF(S8=0,"",P8/S8) | V8: =IF(S8=0,"",Q8/S8) | W8: =IF(S8=0,"",R8/S8) | X8: =IF(S8=0,"",T8*Pesos!$B$2+U8*Pesos!$B$3+V8*Pesos!$B$4+W8*Pesos!$B$5)
A9: 7 | B9: 8 | C9: 560 | D9: 990 | E9: 510 | F9: 515 | G9: 480 | H9: 785 | I9: 1505 | J9: 1485 | K9: 1390 | L9: 2940 | M9: 385 | N9: 11540 | O9: =SUM(C9:H9) | P9: =I9 | Q9: =J9 | R9: =SUM(K9:M9) | S9: =SUM(O9:R9) | T9: =IF(S9=0,"",O9/S9) | U9: =IF(S9=0,"",P9/S9) | V9: =IF(S9=0,"",Q9/S9) | W9: =IF(S9=0,"",R9/S9) | X9: =IF(S9=0,"",T9*Pesos!$B$2+U9*Pesos!$B$3+V9*Pesos!$B$4+W9*Pesos!$B$5)
A10: 8 | B10: 9 | C10: 1225 | D10: 540 | E10: 305 | F10: 590 | G10: 660 | H10: 620 | I10: 1830 | J10: 2195 | K10: 1755 | L10: 2315 | M10: 90 | N10: 12115 | O10: =SUM(C10:H10) | P10: =I10 | Q10: =J10 | R10: =SUM(K10:M10) | S10: =SUM(O10:R10) | T10: =IF(S10=0,"",O10/S10) | U10: =IF(S10=0,"",P10/S10) | V10: =IF(S10=0,"",Q10/S10) | W10: =IF(S10=0,"",R10/S10) | X10: =IF(S10=0,"",T10*Pesos!$B$2+U10*Pesos!$B$3+V10*Pesos!$B$4+W10*Pesos!$B$5)
A11: 9 | B11: 10 | C11: 1150 | D11: 1070 | E11: 435 | F11: 340 | G11: 830 | H11: 515 | I11: 2665 | J11: 4255 | K11: 2715 | L11: 1855 | M11: 810 | N11: 16645 | O11: =SUM(C11:H11) | P11: =I11 | Q11: =J11 | R11: =SUM(K11:M11) | S11: =SUM(O11:R11) | T11: =IF(S11=0,"",O11/S11) | U11: =IF(S11=0,"",P11/S11) | V11: =IF(S11=0,"",Q11/S11) | W11: =IF(S11=0,"",R11/S11) | X11: =IF(S11=0,"",T11*Pesos!$B$2+U11*Pesos!$B$3+V11*Pesos!$B$4+W11*Pesos!$B$5)
A12: 10 | B12: 8 | C12: 280 | D12: 705 | E12: 885 | F12: 395 | G12: 580 | H12: 840 | I12: 2850 | J12: 3655 | K12: 2400 | L12: 1380 | M12: 30 | N12: 14005 | O12: =SUM(C12:H12) | P12: =I12 | Q12: =J12 | R12: =SUM(K12:M12) | S12: =SUM(O12:R12) | T12: =IF(S12=0,"",O12/S12) | U12: =IF(S12=0,"",P12/S12) | V12: =IF(S12=0,"",Q12/S12) | W12: =IF(S12=0,"",R12/S12) | X12: =IF(S12=0,"",T12*Pesos!$B$2+U12*Pesos!$B$3+V12*Pesos!$B$4+W12*Pesos!$B$5)
A13: 11 | B13: 10 | C13: 800 | D13: 1210 | E13: 1415 | F13: 440 | G13: 1185 | H13: 1195 | I13: 4695 | J13: 2525 | K13: 1540 | L13: 1480 | M13: 575 | N13: 17065 | O13: =SUM(C13:H13) | P13: =I13 | Q13: =J13 | R13: =SUM(K13:M13) | S13: =SUM(O13:R13) | T13: =IF(S13=0,"",O13/S13) | U13: =IF(S13=0,"",P13/S13) | V13: =IF(S13=0,"",Q13/S13) | W13: =IF(S13=0,"",R13/S13) | X13: =IF(S13=0,"",T13*Pesos!$B$2+U13*Pesos!$B$3+V13*Pesos!$B$4+W13*Pesos!$B$5)
... A490: 500 | B490: 9 | C490: 2950 | D490: 2540 | E490: 1680 | F490: 1135 | G490: 830 | H490: 1805 | I490: 4395 | J490: 2960 | K490: 1840 | L490: 620 | M490: 260 | N490: 21015 | O490: =SUM(C490:H490) | P490: =I490 | Q490: =J490 | R490: =SUM(K490:M490) | S490: =SUM(O490:R490) | T490: =IF(S490=0,"",O490/S490) | U490: =IF(S490=0,"",P490/S490) | V490: =IF(S490=0,"",Q490/S490) | W490: =IF(S490=0,"",R490/S490) | X490: =IF(S490=0,"",T490*Pesos!$B$2+U490*Pesos!$B$3+V490*Pesos!$B$4+W490*Pesos!$B$5)

Sheet 2001
A1: VUPACI | B1: n secciones | C1: 2001 | D1: 2000 | E1: 1999 | F1: 1998 | G1: 1997 | H1: 1996 | I1: 1991-1995 | J1: 1981-1990 | K1: 1971-1980 | L1: 1961-1970 | M1: 1941-1960 | N1: Antes de 1941 | O1: Total INE | P1: a | Q1: b | R1: c | S1: d | T1: suma tramos | U1: p_a | V1: p_b | W1: p_c | X1: p_d | Y1: índice
A2: 0 | B2: 9 | C2: 63 | D2: 73 | E2: 78 | F2: 61 | G2: 18 | H2: 48 | I2: 147 | J2: 200 | K2: 160 | L2: 94 | M2: 69 | N2: 42 | O2: 1053 | P2: =SUM(C2:H2) | Q2: =I2 | R2: =J2 | S2: =SUM(K2:N2) | T2: =SUM(P2:S2) | U2: =IF(T2=0,"",P2/T2) | V2: =IF(T2=0,"",Q2/T2) | W2: =IF(T2=0,"",R2/T2) | X2: =IF(T2=0,"",S2/T2) | Y2: =IF(T2=0,"",U2*Pesos!$B$2+V2*Pesos!$B$3+W2*Pesos!$B$4+X2*Pesos!$B$5)
A3: 1 | B3: 4 | C3: 672 | D3: 692 | E3: 868 | F3: 677 | G3: 421 | H3: 360 | I3: 1213 | J3: 2330 | K3: 914 | L3: 238 | M3: 146 | N3: 36 | O3: 8567 | P3: =SUM(C3:H3) | Q3: =I3 | R3: =J3 | S3: =SUM(K3:N3) | T3: =SUM(P3:S3) | U3: =IF(T3=0,"",P3/T3) | V3: =IF(T3=0,"",Q3/T3) | W3: =IF(T3=0,"",R3/T3) | X3: =IF(T3=0,"",S3/T3) | Y3: =IF(T3=0,"",U3*Pesos!$B$2+V3*Pesos!$B$3+W3*Pesos!$B$4+X3*Pesos!$B$5)
A4: 2 | B4: 7 | C4: 1071 | D4: 1002 | E4: 1085 | F4: 986 | G4: 707 | H4: 644 | I4: 2211 | J4: 1604 | K4: 1029 | L4: 309 | M4: 130 | N4: 42 | O4: 10820 | P4: =SUM(C4:H4) | Q4: =I4 | R4: =J4 | S4: =SUM(K4:N4) | T4: =SUM(P4:S4) | U4: =IF(T4=0,"",P4/T4) | V4: =IF(T4=0,"",Q4/T4) | W4: =IF(T4=0,"",R4/T4) | X4: =IF(T4=0,"",S4/T4) | Y4: =IF(T4=0,"",U4*Pesos!$B$2+V4*Pesos!$B$3+W4*Pesos!$B$4+X4*Pesos!$B$5)
A5: 3 | B5: 8 | C5: 876 | D5: 864 | E5: 562 | F5: 533 | G5: 489 | H5: 344 | I5: 1335 | J5: 2498 | K5: 2653 | L5: 666 | M5: 230 | N5: 91 | O5: 11141 | P5: =SUM(C5:H5) | Q5: =I5 | R5: =J5 | S5: =SUM(K5:N5) | T5: =SUM(P5:S5) | U5: =IF(T5=0,"",P5/T5) | V5: =IF(T5=0,"",Q5/T5) | W5: =IF(T5=0,"",R5/T5) | X5: =IF(T5=0,"",S5/T5) | Y5: =IF(T5=0,"",U5*Pesos!$B$2+V5*Pesos!$B$3+W5*Pesos!$B$4+X5*Pesos!$B$5)
A6: 4 | B6: 10 | C6: 698 | D6: 750 | E6: 547 | F6: 394 | G6: 331 | H6: 310 | I6: 966 | J6: 2877 | K6: 6902 | L6: 335 | M6: 24 | N6: 0 | O6: 14134 | P6: =SUM(C6:H6) | Q6: =I6 | R6: =J6 | S6: =SUM(K6:N6) | T6: =SUM(P6:S6) | U6: =IF(T6=0,"",P6/T6) | V6: =IF(T6=0,"",Q6/T6) | W6: =IF(T6=0,"",R6/T6) | X6: =IF(T6=0,"",S6/T6) | Y6: =IF(T6=0,"",U6*Pesos!$B$2+V6*Pesos!$B$3+W6*Pesos!$B$4+X6*Pesos!$B$5)
A7: 5 | B7: 9 | C7: 814 | D7: 669 | E7: 669 | F7: 421 | G7: 345 | H7: 276 | I7: 1131 | J7: 2261 | K7: 3199 | L7: 1044 | M7: 113 | N7: 18 | O7: 10960 | P7: =SUM(C7:H7) | Q7: =I7 | R7: =J7 | S7: =SUM(K7:N7) | T7: =SUM(P7:S7) | U7: =IF(T7=0,"",P7/T7) | V7: =IF(T7=0,"",Q7/T7) | W7: =IF(T7=0,"",R7/T7) | X7: =IF(T7=0,"",S7/T7) | Y7: =IF(T7=0,"",U7*Pesos!$B$2+V7*Pesos!$B$3+W7*Pesos!$B$4+X7*Pesos!$B$5)
A8: 6 | B8: 8 | C8: 703 | D8: 670 | E8: 536 | F8: 348 | G8: 321 | H8: 219 | I8: 780 | J8: 2152 | K8: 3016 | L8: 1366 | M8: 157 | N8: 2 | O8: 10270 | P8: =SUM(C8:H8) | Q8: =I8 | R8: =J8 | S8: =SUM(K8:N8) | T8: =SUM(P8:S8) | U8: =IF(T8=0,"",P8/T8) | V8: =IF(T8=0,"",Q8/T8) | W8: =IF(T8=0,"",R8/T8) | X8: =IF(T8=0,"",S8/T8) | Y8: =IF(T8=0,"",U8*Pesos!$B$2+V8*Pesos!$B$3+W8*Pesos!$B$4+X8*Pesos!$B$5)
A9: 7 | B9: 8 | C9: 824 | D9: 643 | E9: 485 | F9: 451 | G9: 369 | H9: 340 | I9: 1121 | J9: 2409 | K9: 5610 | L9: 750 | M9: 0 | N9: 0 | O9: 13002 | P9: =SUM(C9:H9) | Q9: =I9 | R9: =J9 | S9: =SUM(K9:N9) | T9: =SUM(P9:S9) | U9: =IF(T9=0,"",P9/T9) | V9: =IF(T9=0,"",Q9/T9) | W9: =IF(T9=0,"",R9/T9) | X9: =IF(T9=0,"",S9/T9) | Y9: =IF(T9=0,"",U9*Pesos!$B$2+V9*Pesos!$B$3+W9*Pesos!$B$4+X9*Pesos!$B$5)
A10: 8 | B10: 10 | C10: 670 | D10: 573 | E10: 631 | F10: 463 | G10: 285 | H10: 273 | I10: 1307 | J10: 2372 | K10: 5889 | L10: 252 | M10: 12 | N10: 0 | O10: 12727 | P10: =SUM(C10:H10) | Q10: =I10 | R10: =J10 | S10: =SUM(K10:N10) | T10: =SUM(P10:S10) | U10: =IF(T10=0,"",P10/T10) | V10: =IF(T10=0,"",Q10/T10) | W10: =IF(T10=0,"",R10/T10) | X10: =IF(T10=0,"",S10/T10) | Y10: =IF(T10=0,"",U10*Pesos!$B$2+V10*Pesos!$B$3+W10*Pesos!$B$4+X10*Pesos!$B$5)
A11: 9 | B11: 11 | C11: 1022 | D11: 843 | E11: 1055 | F11: 678 | G11: 807 | H11: 1452 | I11: 2311 | J11: 3628 | K11: 3788 | L11: 1334 | M11: 9 | N11: 0 | O11: 16927 | P11: =SUM(C11:H11) | Q11: =I11 | R11: =J11 | S11: =SUM(K11:N11) | T11: =SUM(P11:S11) | U11: =IF(T11=0,"",P11/T11) | V11: =IF(T11=0,"",Q11/T11) | W11: =IF(T11=0,"",R11/T11) | X11: =IF(T11=0,"",S11/T11) | Y11: =IF(T11=0,"",U11*Pesos!$B$2+V11*Pesos!$B$3+W11*Pesos!$B$4+X11*Pesos!$B$5)
A12: 10 | B12: 7 | C12: 902 | D12: 815 | E12: 1008 | F12: 1259 | G12: 858 | H12: 327 | I12: 1623 | J12: 3211 | K12: 2734 | L12: 0 | M12: 0 | N12: 0 | O12: 12737 | P12: =SUM(C12:H12) | Q12: =I12 | R12: =J12 | S12: =SUM(K12:N12) | T12: =SUM(P12:S12) | U12: =IF(T12=0,"",P12/T12) | V12: =IF(T12=0,"",Q12/T12) | W12: =IF(T12=0,"",R12/T12) | X12: =IF(T12=0,"",S12/T12) | Y12: =IF(T12=0,"",U12*Pesos!$B$2+V12*Pesos!$B$3+W12*Pesos!$B$4+X12*Pesos!$B$5)
A13: 11 | B13: 7 | C13: 1080 | D13: 687 | E13: 543 | F13: 385 | G13: 362 | H13: 293 | I13: 937 | J13: 2124 | K13: 3108 | L13: 637 | M13: 1 | N13: 0 | O13: 10157 | P13: =SUM(C13:H13) | Q13: =I13 | R13: =J13 | S13: =SUM(K13:N13) | T13: =SUM(P13:S13) | U13: =IF(T13=0,"",P13/T13) | V13: =IF(T13=0,"",Q13/T13) | W13: =IF(T13=0,"",R13/T13) | X13: =IF(T13=0,"",S13/T13) | Y13: =IF(T13=0,"",U13*Pesos!$B$2+V13*Pesos!$B$3+W13*Pesos!$B$4+X13*Pesos!$B$5)
... A489: 500 | B489: 7 | C489: 736 | D489: 704 | E489: 901 | F489: 656 | G489: 614 | H489: 517 | I489: 2765 | J489: 3429 | K489: 1620 | L489: 469 | M489: 111 | N489: 19 | O489: 12541 | P489: =SUM(C489:H489) | Q489: =I489 | R489: =J489 | S489: =SUM(K489:N489) | T489: =SUM(P489:S489) | U489: =IF(T489=0,"",P489/T489) | V489: =IF(T489=0,"",Q489/T489) | W489: =IF(T489=0,"",R489/T489) | X489: =IF(T489=0,"",S489/T489) | Y489: =IF(T489=0,"",U489*Pesos!$B$2+V489*Pesos!$B$3+W489*Pesos!$B$4+X489*Pesos!$B$5)

Sheet Método
A1: Arraigo por VUPACI, censos 2001 y 2011 — todas las cuentas en fórmulas
A3: Cada censo se agrega con SU PROPIO seccionado: el lado 2001 del archivo «Seccionado VUPACI 2001 y 2011.xlsx» asigna VUPACI a las 3.906 secciones de 2001, y el lado 2011 a las 4.271 de 2011. No se reutiliza ningún código de un año en el otro.
A5: Los cuatro tramos son los mismos en ambos censos, definidos por posición relativa a la fecha del censo:
A6: 2011 2001 peso
A7: a 2006-2011 (6 años) 1996-2001 (6 años) 0
A8: b 2001-2005 (5 años) 1991-1995 (5 años) 0,33
A9: c 1991-2000 (10 años) 1981-1990 (10 años) 0,66
A10: d antes de 1991 antes de 1981 1
A12: índice = p_a·peso_a + p_b·peso_b + p_c·peso_c + p_d·peso_d
A13: donde p_X es la proporción del tramo sobre la suma de los cuatro.
A15: Va en decimales de 0 a 1, no en porcentaje: 0 = todos llegaron en los últimos seis años; 1 = todos llevan más de veinte.
A17: Los pesos están en la hoja Pesos. Cambiarlos recalcula los dos censos y la comparación.
... A25: Dos diferencias entre censos que conviene citar: el colectivo se llama «residentes en viviendas principales» en 2011 y «residentes en viviendas familiares» en 2001; y 2001 son recuentos exactos mientras 2011 viene redondeado.
