Workbook

Sheet Cálculo
A1: VUPACI | B1: n secciones | C1: 2011 | D1: 2010 | E1: 2009 | F1: 2008 | G1: 2007 | H1: 2006 | I1: 2001-2005 | J1: 1991-2000 | K1: 1981-1990 | L1: 1971-1980 | M1: Antes de 1971 | N1: Total INE | O1: a 2006-2011 | P1: b 2001-2005 | Q1: c 1991-2000 | R1: d antes 1991 | S1: suma tramos | T1: p_a | U1: p_b | V1: p_c | W1: p_d | X1: ÍNDICE DE ARRAIGO
A2: 0 | B2: 9 | C2: 40 | D2: 80 | E2: 70 | F2: 80 | G2: 50 | H2: 65 | I2: 150 | J2: 235 | K2: 125 | L2: 75 | M2: 130 | N2: 1100 | O2: =SUM(C2:H2) | P2: =I2 | Q2: =J2 | R2: =SUM(K2:M2) | S2: =SUM(O2:R2) | T2: =O2/S2 | U2: =P2/S2 | V2: =Q2/S2 | W2: =R2/S2 | X2: =(T2*Pesos!$B$2+U2*Pesos!$B$3+V2*Pesos!$B$4+W2*Pesos!$B$5)*100
A3: 1 | B3: 10 | C3: 1910 | D3: 4155 | E3: 2805 | F3: 2685 | G3: 3265 | H3: 1610 | I3: 2075 | J3: 2920 | K3: 1335 | L3: 405 | M3: 430 | N3: 23595 | O3: =SUM(C3:H3) | P3: =I3 | Q3: =J3 | R3: =SUM(K3:M3) | S3: =SUM(O3:R3) | T3: =O3/S3 | U3: =P3/S3 | V3: =Q3/S3 | W3: =R3/S3 | X3: =(T3*Pesos!$B$2+U3*Pesos!$B$3+V3*Pesos!$B$4+W3*Pesos!$B$5)*100
A4: 2 | B4: 9 | C4: 625 | D4: 1400 | E4: 980 | F4: 960 | G4: 1110 | H4: 1320 | I4: 5690 | J4: 4280 | K4: 875 | L4: 445 | M4: 395 | N4: 18080 | O4: =SUM(C4:H4) | P4: =I4 | Q4: =J4 | R4: =SUM(K4:M4) | S4: =SUM(O4:R4) | T4: =O4/S4 | U4: =P4/S4 | V4: =Q4/S4 | W4: =R4/S4 | X4: =(T4*Pesos!$B$2+U4*Pesos!$B$3+V4*Pesos!$B$4+W4*Pesos!$B$5)*100
A5: 3 | B5: 8 | C5: 1340 | D5: 730 | E5: 970 | F5: 645 | G5: 550 | H5: 760 | I5: 1735 | J5: 2395 | K5: 1720 | L5: 1435 | M5: 485 | N5: 12770 | O5: =SUM(C5:H5) | P5: =I5 | Q5: =J5 | R5: =SUM(K5:M5) | S5: =SUM(O5:R5) | T5: =O5/S5 | U5: =P5/S5 | V5: =Q5/S5 | W5: =R5/S5 | X5: =(T5*Pesos!$B$2+U5*Pesos!$B$3+V5*Pesos!$B$4+W5*Pesos!$B$5)*100
A6: 4 | B6: 10 | C6: 905 | D6: 645 | E6: 920 | F6: 930 | G6: 1030 | H6: 395 | I6: 1965 | J6: 1560 | K6: 1655 | L6: 3345 | M6: 545 | N6: 13895 | O6: =SUM(C6:H6) | P6: =I6 | Q6: =J6 | R6: =SUM(K6:M6) | S6: =SUM(O6:R6) | T6: =O6/S6 | U6: =P6/S6 | V6: =Q6/S6 | W6: =R6/S6 | X6: =(T6*Pesos!$B$2+U6*Pesos!$B$3+V6*Pesos!$B$4+W6*Pesos!$B$5)*100
A7: 5 | B7: 8 | C7: 1040 | D7: 860 | E7: 1200 | F7: 645 | G7: 670 | H7: 420 | I7: 1500 | J7: 1535 | K7: 1895 | L7: 1745 | M7: 805 | N7: 12310 | O7: =SUM(C7:H7) | P7: =I7 | Q7: =J7 | R7: =SUM(K7:M7) | S7: =SUM(O7:R7) | T7: =O7/S7 | U7: =P7/S7 | V7: =Q7/S7 | W7: =R7/S7 | X7: =(T7*Pesos!$B$2+U7*Pesos!$B$3+V7*Pesos!$B$4+W7*Pesos!$B$5)*100
A8: 6 | B8: 8 | C8: 970 | D8: 960 | E8: 750 | F8: 330 | G8: 200 | H8: 485 | I8: 2295 | J8: 1585 | K8: 1480 | L8: 1685 | M8: 665 | N8: 11415 | O8: =SUM(C8:H8) | P8: =I8 | Q8: =J8 | R8: =SUM(K8:M8) | S8: =SUM(O8:R8) | T8: =O8/S8 | U8: =P8/S8 | V8: =Q8/S8 | W8: =R8/S8 | X8: =(T8*Pesos!$B$2+U8*Pesos!$B$3+V8*Pesos!$B$4+W8*Pesos!$B$5)*100
A9: 7 | B9: 8 | C9: 560 | D9: 990 | E9: 510 | F9: 515 | G9: 480 | H9: 785 | I9: 1505 | J9: 1485 | K9: 1390 | L9: 2940 | M9: 385 | N9: 11540 | O9: =SUM(C9:H9) | P9: =I9 | Q9: =J9 | R9: =SUM(K9:M9) | S9: =SUM(O9:R9) | T9: =O9/S9 | U9: =P9/S9 | V9: =Q9/S9 | W9: =R9/S9 | X9: =(T9*Pesos!$B$2+U9*Pesos!$B$3+V9*Pesos!$B$4+W9*Pesos!$B$5)*100
A10: 8 | B10: 9 | C10: 1225 | D10: 540 | E10: 305 | F10: 590 | G10: 660 | H10: 620 | I10: 1830 | J10: 2195 | K10: 1755 | L10: 2315 | M10: 90 | N10: 12115 | O10: =SUM(C10:H10) | P10: =I10 | Q10: =J10 | R10: =SUM(K10:M10) | S10: =SUM(O10:R10) | T10: =O10/S10 | U10: =P10/S10 | V10: =Q10/S10 | W10: =R10/S10 | X10: =(T10*Pesos!$B$2+U10*Pesos!$B$3+V10*Pesos!$B$4+W10*Pesos!$B$5)*100
A11: 9 | B11: 10 | C11: 1150 | D11: 1070 | E11: 435 | F11: 340 | G11: 830 | H11: 515 | I11: 2665 | J11: 4255 | K11: 2715 | L11: 1855 | M11: 810 | N11: 16645 | O11: =SUM(C11:H11) | P11: =I11 | Q11: =J11 | R11: =SUM(K11:M11) | S11: =SUM(O11:R11) | T11: =O11/S11 | U11: =P11/S11 | V11: =Q11/S11 | W11: =R11/S11 | X11: =(T11*Pesos!$B$2+U11*Pesos!$B$3+V11*Pesos!$B$4+W11*Pesos!$B$5)*100
A12: 10 | B12: 8 | C12: 280 | D12: 705 | E12: 885 | F12: 395 | G12: 580 | H12: 840 | I12: 2850 | J12: 3655 | K12: 2400 | L12: 1380 | M12: 30 | N12: 14005 | O12: =SUM(C12:H12) | P12: =I12 | Q12: =J12 | R12: =SUM(K12:M12) | S12: =SUM(O12:R12) | T12: =O12/S12 | U12: =P12/S12 | V12: =Q12/S12 | W12: =R12/S12 | X12: =(T12*Pesos!$B$2+U12*Pesos!$B$3+V12*Pesos!$B$4+W12*Pesos!$B$5)*100
A13: 11 | B13: 10 | C13: 800 | D13: 1210 | E13: 1415 | F13: 440 | G13: 1185 | H13: 1195 | I13: 4695 | J13: 2525 | K13: 1540 | L13: 1480 | M13: 575 | N13: 17065 | O13: =SUM(C13:H13) | P13: =I13 | Q13: =J13 | R13: =SUM(K13:M13) | S13: =SUM(O13:R13) | T13: =O13/S13 | U13: =P13/S13 | V13: =Q13/S13 | W13: =R13/S13 | X13: =(T13*Pesos!$B$2+U13*Pesos!$B$3+V13*Pesos!$B$4+W13*Pesos!$B$5)*100
... A490: 500 | B490: 9 | C490: 2950 | D490: 2540 | E490: 1680 | F490: 1135 | G490: 830 | H490: 1805 | I490: 4395 | J490: 2960 | K490: 1840 | L490: 620 | M490: 260 | N490: 21015 | O490: =SUM(C490:H490) | P490: =I490 | Q490: =J490 | R490: =SUM(K490:M490) | S490: =SUM(O490:R490) | T490: =O490/S490 | U490: =P490/S490 | V490: =Q490/S490 | W490: =R490/S490 | X490: =(T490*Pesos!$B$2+U490*Pesos!$B$3+V490*Pesos!$B$4+W490*Pesos!$B$5)*100

Sheet Pesos
A1: tramo | B1: peso
A2: a — llegados 2006-2011 | B2: 0
A3: b — llegados 2001-2005 | B3: 0.33
A4: c — llegados 1991-2000 | B4: 0.66
A5: d — llegados antes de 1991 | B5: 1
A7: Cambiá cualquiera de estos cuatro pesos y la hoja Cálculo se recalcula sola.

Sheet Método
A1: Índice de arraigo 2011 — qué hace cada columna
A3: Las once primeras columnas son el dato del INE tal cual: personas residentes en viviendas principales por año de llegada a la vivienda, censo de 2011, agregadas por VUPACI.
A5: a, b, c, d son los cuatro tramos de la recodificación:
A6: a = 2011+2010+2009+2008+2007+2006
A7: b = 2001-2005
A8: c = 1991-2000
A9: d = 1981-1990 + 1971-1980 + antes de 1971
A11: p_a … p_d son la proporción de cada tramo sobre la suma de los cuatro, y el índice es:
A12: índice = (p_a·peso_a + p_b·peso_b + p_c·peso_c + p_d·peso_d) · 100
A14: Los pesos viven en la hoja Pesos (0 / 0,33 / 0,66 / 1). Cambiarlos recalcula las 489 filas.
A16: Decisiones tomadas sobre el correo:
A17: · Los términos son proporciones, no recuentos: sólo así el ·100 da un índice de 0 a 100. Con recuentos daría millones.
... A24: En gris cursiva, los seis ceros que el INE no publicó por no tener ningún dato en esa categoría.
